Loan_ID,Gender,Married,Dependents,Education,Self_Employed,ApplicantIncome,CoapplicantIncome,LoanAmount,Loan_Amount_Term,Credit_History,Property_Area,Loan_Status
LP001003,0,1,1,0,0,4583,1508,128,360,1,Rural,0
LP001005,0,1,0,0,1,3000,0,66,360,1,Urban,1
LP001006,0,1,0,1,0,2583,2358,120,360,1,Urban,1
LP001008,0,0,0,0,0,6000,0,141,360,1,Urban,1
LP001011,0,1,2,0,1,5417,4196,267,360,1,Urban,1
LP001013,0,1,0,1,0,2333,1516,95,360,1,Urban,1
LP001014,0,1,3+,0,0,3036,2504,158,360,0,Semiurban,0
LP001018,0,1,2,0,0,4006,1526,168,360,1,Urban,1
LP001020,0,1,1,0,0,12841,10968,349,360,1,Semiurban,0
LP001024,0,1,2,0,0,3200,700,70,360,1,Urban,1
LP001028,0,1,2,0,0,3073,8106,200,360,1,Urban,1
LP001029,0,0,0,0,0,1853,2840,114,360,1,Rural,0
LP001030,0,1,2,0,0,1299,1086,17,120,1,Urban,1
LP001032,0,0,0,0,0,4950,0,125,360,1,Urban,1
LP001036,1,0,0,0,0,3510,0,76,360,0,Urban,0
LP001038,0,1,0,1,0,4887,0,133,360,1,Rural,0
LP001043,0,1,0,1,0,7660,0,104,360,0,Urban,0
LP001046,0,1,1,0,0,5955,5625,315,360,1,Urban,1
LP001047,0,1,0,1,0,2600,1911,116,360,0,Semiurban,0
LP001066,0,1,0,0,1,9560,0,191,360,1,Semiurban,1
LP001068,0,1,0,0,0,2799,2253,122,360,1,Semiurban,1
LP001073,0,1,2,1,0,4226,1040,110,360,1,Urban,1
LP001086,0,0,0,1,0,1442,0,35,360,1,Urban,0
LP001095,0,0,0,0,0,3167,0,74,360,1,Urban,0
LP001097,0,0,1,0,1,4692,0,106,360,1,Rural,0
LP001098,0,1,0,0,0,3500,1667,114,360,1,Semiurban,1
LP001100,0,0,3+,0,0,12500,3000,320,360,1,Rural,0
LP001112,1,1,0,0,0,3667,1459,144,360,1,Semiurban,1
LP001114,0,0,0,0,0,4166,7210,184,360,1,Urban,1
LP001116,0,0,0,1,0,3748,1668,110,360,1,Semiurban,1
LP001119,0,0,0,0,0,3600,0,80,360,1,Urban,0
LP001120,0,0,0,0,0,1800,1213,47,360,1,Urban,1
LP001131,0,1,0,0,0,3941,2336,134,360,1,Semiurban,1
LP001138,0,1,1,0,0,5649,0,44,360,1,Urban,1
LP001144,0,1,0,0,0,5821,0,144,360,1,Urban,1
LP001146,1,1,0,0,0,2645,3440,120,360,0,Urban,0
LP001151,1,0,0,0,0,4000,2275,144,360,1,Semiurban,1
LP001155,1,1,0,1,0,1928,1644,100,360,1,Semiurban,1
LP001157,1,0,0,0,0,3086,0,120,360,1,Semiurban,1
LP001164,1,0,0,0,0,4230,0,112,360,1,Semiurban,0
LP001179,0,1,2,0,0,4616,0,134,360,1,Urban,0
LP001186,1,1,1,0,1,11500,0,286,360,0,Urban,0
LP001194,0,1,2,0,0,2708,1167,97,360,1,Semiurban,1
LP001195,0,1,0,0,0,2132,1591,96,360,1,Semiurban,1
LP001197,0,1,0,0,0,3366,2200,135,360,1,Rural,0
LP001198,0,1,1,0,0,8080,2250,180,360,1,Urban,1
LP001199,0,1,2,1,0,3357,2859,144,360,1,Urban,1
LP001205,0,1,0,0,0,2500,3796,120,360,1,Urban,1
LP001206,0,1,3+,0,0,3029,0,99,360,1,Urban,1
LP001207,0,1,0,1,1,2609,3449,165,180,0,Rural,0
LP001222,1,0,0,0,0,4166,0,116,360,0,Semiurban,0
LP001225,0,1,0,0,0,5726,4595,258,360,1,Semiurban,0
LP001228,0,0,0,1,0,3200,2254,126,180,0,Urban,0
LP001233,0,1,1,0,0,10750,0,312,360,1,Urban,1
LP001238,0,1,3+,1,1,7100,0,125,60,1,Urban,1
LP001241,1,0,0,0,0,4300,0,136,360,0,Semiurban,0
LP001243,0,1,0,0,0,3208,3066,172,360,1,Urban,1
LP001245,0,1,2,1,1,1875,1875,97,360,1,Semiurban,1
LP001248,0,0,0,0,0,3500,0,81,300,1,Semiurban,1
LP001253,0,1,3+,0,1,5266,1774,187,360,1,Semiurban,1
LP001255,0,0,0,0,0,3750,0,113,480,1,Urban,0
LP001256,0,0,0,0,0,3750,4750,176,360,1,Urban,0
LP001259,0,1,1,0,1,1000,3022,110,360,1,Urban,0
LP001263,0,1,3+,0,0,3167,4000,180,300,0,Semiurban,0
LP001265,1,0,0,0,0,3846,0,111,360,1,Semiurban,1
LP001267,1,1,2,0,0,1378,1881,167,360,1,Urban,0
LP001275,0,1,1,0,0,3988,0,50,240,1,Urban,1
LP001279,0,0,0,0,0,2366,2531,136,360,1,Semiurban,1
LP001282,0,1,0,0,0,2500,2118,104,360,1,Semiurban,1
LP001289,0,0,0,0,0,8566,0,210,360,1,Urban,1
LP001310,0,1,0,0,0,5695,4167,175,360,1,Semiurban,1
LP001316,0,1,0,0,0,2958,2900,131,360,1,Semiurban,1
LP001318,0,1,2,0,0,6250,5654,188,180,1,Semiurban,1
LP001319,0,1,2,1,0,3273,1820,81,360,1,Urban,1
LP001322,0,0,0,0,0,4133,0,122,360,1,Semiurban,1
LP001325,0,0,0,1,0,3620,0,25,120,1,Semiurban,1
LP001327,1,1,0,0,0,2484,2302,137,360,1,Semiurban,1
LP001333,0,1,0,0,0,1977,997,50,360,1,Semiurban,1
LP001334,0,1,0,1,0,4188,0,115,180,1,Semiurban,1
LP001343,0,1,0,0,0,1759,3541,131,360,1,Semiurban,1
LP001345,0,1,2,1,0,4288,3263,133,180,1,Urban,1
LP001349,0,0,0,0,0,4843,3806,151,360,1,Semiurban,1
LP001367,0,1,1,0,0,3052,1030,100,360,1,Urban,1
LP001369,0,1,2,0,0,11417,1126,225,360,1,Urban,1
LP001379,0,1,2,0,0,3800,3600,216,360,0,Urban,0
LP001384,0,1,3+,1,0,2071,754,94,480,1,Semiurban,1
LP001385,0,0,0,0,0,5316,0,136,360,1,Urban,1
LP001401,0,1,1,0,0,14583,0,185,180,1,Rural,1
LP001404,1,1,0,0,0,3167,2283,154,360,1,Semiurban,1
LP001421,0,1,0,0,0,5568,2142,175,360,1,Rural,0
LP001422,1,0,0,0,0,10408,0,259,360,1,Urban,1
LP001430,1,0,0,0,0,4166,0,44,360,1,Semiurban,1
LP001431,1,0,0,0,0,2137,8980,137,360,0,Semiurban,1
LP001432,0,1,2,0,0,2957,0,81,360,1,Semiurban,1
LP001439,0,1,0,1,0,4300,2014,194,360,1,Rural,1
LP001451,0,1,1,0,1,10513,3850,160,180,0,Urban,0
LP001473,0,0,0,0,0,2014,1929,74,360,1,Urban,1
LP001478,0,0,0,0,0,2718,0,70,360,1,Semiurban,1
LP001482,0,1,0,0,1,3459,0,25,120,1,Semiurban,1
LP001487,0,0,0,0,0,4895,0,102,360,1,Semiurban,1
LP001488,0,1,3+,0,0,4000,7750,290,360,1,Semiurban,0
LP001489,1,1,0,0,0,4583,0,84,360,1,Rural,0
LP001491,0,1,2,0,1,3316,3500,88,360,1,Urban,1
LP001492,0,0,0,0,0,14999,0,242,360,0,Semiurban,0
LP001493,0,1,2,1,0,4200,1430,129,360,1,Rural,0
LP001497,0,1,2,0,0,5042,2083,185,360,1,Rural,0
LP001498,0,0,0,0,0,5417,0,168,360,1,Urban,1
LP001504,0,0,0,0,1,6950,0,175,180,1,Semiurban,1
LP001507,0,1,0,0,0,2698,2034,122,360,1,Semiurban,1
LP001508,0,1,2,0,0,11757,0,187,180,1,Urban,1
LP001514,1,1,0,0,0,2330,4486,100,360,1,Semiurban,1
LP001516,1,1,2,0,0,14866,0,70,360,1,Urban,1
LP001518,0,1,1,0,0,1538,1425,30,360,1,Urban,1
LP001519,1,0,0,0,0,10000,1666,225,360,1,Rural,0
LP001520,0,1,0,0,0,4860,830,125,360,1,Semiurban,1
LP001528,0,0,0,0,0,6277,0,118,360,0,Rural,0
LP001529,0,1,0,0,1,2577,3750,152,360,1,Rural,1
LP001531,0,0,0,0,0,9166,0,244,360,1,Urban,0
LP001532,0,1,2,1,0,2281,0,113,360,1,Rural,0
LP001535,0,0,0,0,0,3254,0,50,360,1,Urban,1
LP001536,0,1,3+,0,0,39999,0,600,180,0,Semiurban,1
LP001543,0,1,1,0,0,9538,0,187,360,1,Urban,1
LP001552,0,1,0,0,0,4583,5625,255,360,1,Semiurban,1
LP001560,0,1,0,1,0,1863,1041,98,360,1,Semiurban,1
LP001562,0,1,0,0,0,7933,0,275,360,1,Urban,0
LP001565,0,1,1,0,0,3089,1280,121,360,0,Semiurban,0
LP001570,0,1,2,0,0,4167,1447,158,360,1,Rural,1
LP001572,0,1,0,0,0,9323,0,75,180,1,Urban,1
LP001577,1,1,0,0,0,4583,0,112,360,1,Rural,0
LP001578,0,1,0,0,0,2439,3333,129,360,1,Rural,1
LP001579,0,0,0,0,0,2237,0,63,480,0,Semiurban,0
LP001580,0,1,2,0,0,8000,0,200,360,1,Semiurban,1
LP001586,0,1,3+,1,0,3522,0,81,180,1,Rural,0
LP001594,0,1,0,0,0,5708,5625,187,360,1,Semiurban,1
LP001603,0,1,0,1,1,4344,736,87,360,1,Semiurban,0
LP001606,0,1,0,0,0,3497,1964,116,360,1,Rural,1
LP001608,0,1,2,0,0,2045,1619,101,360,1,Rural,1
LP001610,0,1,3+,0,0,5516,11300,495,360,0,Semiurban,0
LP001616,0,1,1,0,0,3750,0,116,360,1,Semiurban,1
LP001630,0,0,0,1,0,2333,1451,102,480,0,Urban,0
LP001633,0,1,1,0,0,6400,7250,180,360,0,Urban,0
LP001636,0,1,0,0,0,4600,0,73,180,1,Semiurban,1
LP001637,0,1,1,0,0,33846,0,260,360,1,Semiurban,0
LP001639,1,1,0,0,0,3625,0,108,360,1,Semiurban,1
LP001640,0,1,0,0,1,39147,4750,120,360,1,Semiurban,1
LP001641,0,1,1,0,1,2178,0,66,300,0,Rural,0
LP001647,0,1,0,0,0,9328,0,188,180,1,Rural,1
LP001653,0,0,0,1,0,4885,0,48,360,1,Rural,1
LP001656,0,0,0,0,0,12000,0,164,360,1,Semiurban,0
LP001657,0,1,0,1,0,6033,0,160,360,1,Urban,0
LP001658,0,0,0,0,0,3858,0,76,360,1,Semiurban,1
LP001664,0,0,0,0,0,4191,0,120,360,1,Rural,1
LP001665,0,1,1,0,0,3125,2583,170,360,1,Semiurban,0
LP001666,0,0,0,0,0,8333,3750,187,360,1,Rural,1
LP001673,0,0,0,0,1,11000,0,83,360,1,Urban,0
LP001674,0,1,1,1,0,2600,2500,90,360,1,Semiurban,1
LP001677,0,0,2,0,0,4923,0,166,360,0,Semiurban,1
LP001688,0,1,1,1,0,3500,1083,135,360,1,Urban,1
LP001691,0,1,2,1,0,3917,0,124,360,1,Semiurban,1
LP001692,1,0,0,1,0,4408,0,120,360,1,Semiurban,1
LP001693,1,0,0,0,0,3244,0,80,360,1,Urban,1
LP001698,0,0,0,1,0,3975,2531,55,360,1,Rural,1
LP001699,0,0,0,0,0,2479,0,59,360,1,Urban,1
LP001702,0,0,0,0,0,3418,0,127,360,1,Semiurban,0
LP001708,1,0,0,0,0,10000,0,214,360,1,Semiurban,0
LP001711,0,1,3+,0,0,3430,1250,128,360,0,Semiurban,0
LP001713,0,1,1,0,1,7787,0,240,360,1,Urban,1
LP001715,0,1,3+,1,1,5703,0,130,360,1,Rural,1
LP001716,0,1,0,0,0,3173,3021,137,360,1,Urban,1
LP001720,0,1,3+,1,0,3850,983,100,360,1,Semiurban,1
LP001722,0,1,0,0,0,150,1800,135,360,1,Rural,0
LP001726,0,1,0,0,0,3727,1775,131,360,1,Semiurban,1
LP001736,0,1,0,0,0,2221,0,60,360,0,Urban,0
LP001743,0,1,2,0,0,4009,1717,116,360,1,Semiurban,1
LP001744,0,0,0,0,0,2971,2791,144,360,1,Semiurban,1
LP001750,0,1,0,0,0,6250,0,128,360,1,Semiurban,1
LP001751,0,1,0,0,0,3250,0,170,360,1,Rural,0
LP001758,0,1,2,0,0,6250,1695,210,360,1,Semiurban,1
LP001761,0,0,0,0,1,6400,0,200,360,1,Rural,1
LP001765,0,1,1,0,0,2491,2054,104,360,1,Semiurban,1
LP001776,1,0,0,0,0,8333,0,280,360,1,Semiurban,1
LP001778,0,1,1,0,0,3155,1779,140,360,1,Semiurban,1
LP001784,0,1,1,0,0,5500,1260,170,360,1,Rural,1
LP001790,1,0,1,0,0,3812,0,112,360,1,Rural,1
LP001792,0,1,1,0,0,3315,0,96,360,1,Semiurban,1
LP001798,0,1,2,0,0,5819,5000,120,360,1,Rural,1
LP001800,0,1,1,1,0,2510,1983,140,180,1,Urban,0
LP001806,0,0,0,0,0,2965,5701,155,60,1,Urban,1
LP001807,0,1,2,0,1,6250,1300,108,360,1,Rural,1
LP001811,0,1,0,1,0,3406,4417,123,360,1,Semiurban,1
LP001813,0,0,0,0,1,6050,4333,120,180,1,Urban,0
LP001814,0,1,2,0,0,9703,0,112,360,1,Urban,1
LP001819,0,1,1,1,0,6608,0,137,180,1,Urban,1
LP001824,0,1,1,0,0,2882,1843,123,480,1,Semiurban,1
LP001825,0,1,0,0,0,1809,1868,90,360,1,Urban,1
LP001835,0,1,0,1,0,1668,3890,201,360,0,Semiurban,0
LP001836,1,0,2,0,0,3427,0,138,360,1,Urban,0
LP001841,0,0,0,1,1,2583,2167,104,360,1,Rural,1
LP001843,0,1,1,1,0,2661,7101,279,180,1,Semiurban,1
LP001844,0,0,0,0,1,16250,0,192,360,0,Urban,0
LP001846,1,0,3+,0,0,3083,0,255,360,1,Rural,1
LP001849,0,0,0,1,0,6045,0,115,360,0,Rural,0
LP001854,0,1,3+,0,0,5250,0,94,360,1,Urban,0
LP001859,0,1,0,0,0,14683,2100,304,360,1,Rural,0
LP001868,0,0,0,0,0,2060,2209,134,360,1,Semiurban,1
LP001870,1,0,1,0,0,3481,0,155,36,1,Semiurban,0
LP001871,1,0,0,0,0,7200,0,120,360,1,Rural,1
LP001872,0,0,0,0,1,5166,0,128,360,1,Semiurban,1
LP001875,0,0,0,0,0,4095,3447,151,360,1,Rural,1
LP001877,0,1,2,0,0,4708,1387,150,360,1,Semiurban,1
LP001882,0,1,3+,0,0,4333,1811,160,360,0,Urban,1
LP001884,1,0,1,0,0,2876,1560,90,360,1,Urban,1
LP001888,1,0,0,0,0,3237,0,30,360,1,Urban,1
LP001891,0,1,0,0,0,11146,0,136,360,1,Urban,1
LP001892,0,0,0,0,0,2833,1857,126,360,1,Rural,1
LP001894,0,1,0,0,0,2620,2223,150,360,1,Semiurban,1
LP001896,0,1,2,0,0,3900,0,90,360,1,Semiurban,1
LP001900,0,1,1,0,0,2750,1842,115,360,1,Semiurban,1
LP001903,0,1,0,0,0,3993,3274,207,360,1,Semiurban,1
LP001904,0,1,0,0,0,3103,1300,80,360,1,Urban,1
LP001907,0,1,0,0,0,14583,0,436,360,1,Semiurban,1
LP001910,0,0,1,1,1,4053,2426,158,360,0,Urban,0
LP001914,0,1,0,0,0,3927,800,112,360,1,Semiurban,1
LP001915,0,1,2,0,0,2301,985.7999878,78,180,1,Urban,1
LP001917,1,0,0,0,0,1811,1666,54,360,1,Urban,1
LP001924,0,0,0,0,0,3158,3053,89,360,1,Rural,1
LP001925,1,0,0,0,1,2600,1717,99,300,1,Semiurban,0
LP001926,0,1,0,0,0,3704,2000,120,360,1,Rural,1
LP001931,1,0,0,0,0,4124,0,115,360,1,Semiurban,1
LP001935,0,0,0,0,0,9508,0,187,360,1,Rural,1
LP001936,0,1,0,0,0,3075,2416,139,360,1,Rural,1
LP001938,0,1,2,0,0,4400,0,127,360,0,Semiurban,0
LP001940,0,1,2,0,0,3153,1560,134,360,1,Urban,1
LP001947,0,1,0,0,0,2383,3334,172,360,1,Semiurban,1
LP001953,0,1,1,0,0,6875,0,200,360,1,Semiurban,1
LP001954,1,1,1,0,0,4666,0,135,360,1,Urban,1
LP001955,1,0,0,0,0,5000,2541,151,480,1,Rural,0
LP001963,0,1,1,0,0,2014,2925,113,360,1,Urban,0
LP001964,0,1,0,1,0,1800,2934,93,360,0,Urban,0
LP001974,1,0,0,0,0,5000,0,132,360,1,Rural,1
LP001977,0,1,1,0,0,1625,1803,96,360,1,Urban,1
LP001978,0,0,0,0,0,4000,2500,140,360,1,Rural,1
LP001993,1,0,0,0,0,3762,1666,135,360,1,Rural,1
LP001994,1,0,0,0,0,2400,1863,104,360,0,Urban,0
LP001996,0,0,0,0,0,20233,0,480,360,1,Rural,0
LP002002,1,0,0,0,0,2917,0,84,360,1,Semiurban,1
LP002004,0,0,0,1,0,2927,2405,111,360,1,Semiurban,1
LP002006,1,0,0,0,0,2507,0,56,360,1,Rural,1
LP002031,0,1,1,1,0,3399,1640,111,180,1,Urban,1
LP002035,0,1,2,0,0,3717,0,120,360,1,Semiurban,1
LP002050,0,1,1,0,1,10000,0,155,360,1,Rural,0
LP002051,0,1,0,0,0,2400,2167,115,360,1,Semiurban,1
LP002053,0,1,3+,0,0,4342,189,124,360,1,Semiurban,1
LP002065,0,1,3+,0,0,15000,0,300,360,1,Rural,1
LP002067,0,1,1,0,1,8666,4983,376,360,0,Rural,0
LP002068,0,0,0,0,0,4917,0,130,360,0,Rural,1
LP002082,0,1,0,0,1,5818,2160,184,360,1,Semiurban,1
LP002086,1,1,0,0,0,4333,2451,110,360,1,Urban,0
LP002087,1,0,0,0,0,2500,0,67,360,1,Urban,1
LP002097,0,0,1,0,0,4384,1793,117,360,1,Urban,1
LP002098,0,0,0,0,0,2935,0,98,360,1,Semiurban,1
LP002112,0,1,2,0,1,2500,4600,176,360,1,Rural,1
LP002114,1,0,0,0,0,4160,0,71,360,1,Semiurban,1
LP002115,0,1,3+,1,0,2647,1587,173,360,1,Rural,0
LP002116,1,0,0,0,0,2378,0,46,360,1,Rural,0
LP002119,0,1,1,1,0,4554,1229,158,360,1,Urban,1
LP002126,0,1,3+,1,0,3173,0,74,360,1,Semiurban,1
LP002129,0,1,0,0,0,2499,2458,160,360,1,Semiurban,1
LP002131,0,1,2,1,0,3083,2168,126,360,1,Urban,1
LP002138,0,1,0,0,0,2625,6250,187,360,1,Rural,1
LP002139,0,1,0,0,0,9083,0,228,360,1,Semiurban,1
LP002140,0,0,0,0,0,8750,4167,308,360,1,Rural,0
LP002141,0,1,3+,0,0,2666,2083,95,360,1,Rural,1
LP002142,1,1,0,0,1,5500,0,105,360,0,Rural,0
LP002143,1,1,0,0,0,2423,505,130,360,1,Semiurban,1
LP002149,0,1,2,0,0,8333,3167,165,360,1,Rural,1
LP002151,0,1,1,0,0,3875,0,67,360,1,Urban,0
LP002158,0,1,0,1,0,3000,1666,100,480,0,Urban,0
LP002160,0,1,3+,0,0,5167,3167,200,360,1,Semiurban,1
LP002161,1,0,1,0,0,4723,0,81,360,1,Semiurban,0
LP002170,0,1,2,0,0,5000,3667,236,360,1,Semiurban,1
LP002175,0,1,0,0,0,4750,2333,130,360,1,Urban,1
LP002180,0,0,0,0,1,6822,0,141,360,1,Rural,1
LP002181,0,0,0,1,0,6216,0,133,360,1,Rural,0
LP002187,0,0,0,0,0,2500,0,96,480,1,Semiurban,0
LP002190,0,1,1,0,0,6325,0,175,360,1,Semiurban,1
LP002191,0,1,0,0,0,19730,5266,570,360,1,Rural,0
LP002194,1,0,0,0,1,15759,0,55,360,1,Semiurban,1
LP002197,0,1,2,0,0,5185,0,155,360,1,Semiurban,1
LP002201,0,1,2,0,1,9323,7873,380,300,1,Rural,1
LP002205,0,0,1,0,0,3062,1987,111,180,0,Urban,0
LP002211,0,1,0,0,0,4817,923,120,180,1,Urban,1
LP002219,0,1,3+,0,0,8750,4996,130,360,1,Rural,1
LP002224,0,0,0,0,0,3069,0,71,480,1,Urban,0
LP002225,0,1,2,0,0,5391,0,130,360,1,Urban,1
LP002229,0,0,0,0,0,5941,4232,296,360,1,Semiurban,1
LP002231,1,0,0,0,0,6000,0,156,360,1,Urban,1
LP002234,0,0,0,0,1,7167,0,128,360,1,Urban,1
LP002236,0,1,2,0,0,4566,0,100,360,1,Urban,0
LP002239,0,0,0,1,0,2346,1600,132,360,1,Semiurban,1
LP002244,0,1,0,0,0,2333,2417,136,360,1,Urban,1
LP002250,0,1,0,0,0,5488,0,125,360,1,Rural,1
LP002255,0,0,3+,0,0,9167,0,185,360,1,Rural,1
LP002262,0,1,3+,0,0,9504,0,275,360,1,Rural,1
LP002265,0,1,2,1,0,1993,1625,113,180,1,Semiurban,1
LP002266,0,1,2,0,0,3100,1400,113,360,1,Urban,1
LP002277,1,0,0,0,0,3180,0,71,360,0,Urban,0
LP002281,0,1,0,0,0,3033,1459,95,360,1,Urban,1
LP002284,0,0,0,1,0,3902,1666,109,360,1,Rural,1
LP002287,1,0,0,0,0,1500,1800,103,360,0,Semiurban,0
LP002288,0,1,2,1,0,2889,0,45,180,0,Urban,0
LP002296,0,0,0,1,0,2755,0,65,300,1,Rural,0
LP002297,0,0,0,0,0,2500,20000,103,360,1,Semiurban,1
LP002300,1,0,0,1,0,1963,0,53,360,1,Semiurban,1
LP002301,1,0,0,0,1,7441,0,194,360,1,Rural,0
LP002305,1,0,0,0,0,4547,0,115,360,1,Semiurban,1
LP002308,0,1,0,1,0,2167,2400,115,360,1,Urban,1
LP002314,1,0,0,1,0,2213,0,66,360,1,Rural,1
LP002315,0,1,1,0,0,8300,0,152,300,0,Semiurban,0
LP002317,0,1,3+,0,0,81000,0,360,360,0,Rural,0
LP002318,1,0,1,1,1,3867,0,62,360,1,Semiurban,0
LP002328,0,1,0,1,0,6096,0,218,360,0,Rural,0
LP002332,0,1,0,1,0,2253,2033,110,360,1,Rural,1
LP002335,1,1,0,1,0,2149,3237,178,360,0,Semiurban,0
LP002337,1,0,0,0,0,2995,0,60,360,1,Urban,1
LP002341,1,0,1,0,0,2600,0,160,360,1,Urban,0
LP002342,0,1,2,0,1,1600,20000,239,360,1,Urban,0
LP002345,0,1,0,0,0,1025,2773,112,360,1,Rural,1
LP002347,0,1,0,0,0,3246,1417,138,360,1,Semiurban,1
LP002348,0,1,0,0,0,5829,0,138,360,1,Rural,1
LP002361,0,1,0,0,0,1820,1719,100,360,1,Urban,1
LP002364,0,1,0,0,0,14880,0,96,360,1,Semiurban,1
LP002366,0,1,0,0,0,2666,4300,121,360,1,Rural,1
LP002367,1,0,1,1,0,4606,0,81,360,1,Rural,0
LP002368,0,1,2,0,0,5935,0,133,360,1,Semiurban,1
LP002369,0,1,0,0,0,2920,16.12000084,87,360,1,Rural,1
LP002370,0,0,0,1,0,2717,0,60,180,1,Urban,1
LP002377,1,0,1,0,1,8624,0,150,360,1,Semiurban,1
LP002379,0,0,0,0,0,6500,0,105,360,0,Rural,0
LP002387,0,1,0,0,0,2425,2340,143,360,1,Semiurban,1
LP002390,0,0,0,0,0,3750,0,100,360,1,Urban,1
LP002398,0,0,0,0,0,1926,1851,50,360,1,Semiurban,1
LP002403,0,0,0,0,1,10416,0,187,360,0,Urban,0
LP002407,1,1,0,1,1,7142,0,138,360,1,Rural,1
LP002408,0,0,0,0,0,3660,5064,187,360,1,Semiurban,1
LP002409,0,1,0,0,0,7901,1833,180,360,1,Rural,1
LP002418,0,0,3+,1,0,4707,1993,148,360,1,Semiurban,1
LP002422,0,0,1,0,0,37719,0,152,360,1,Semiurban,1
LP002429,0,1,1,0,1,3466,1210,130,360,1,Rural,1
LP002434,0,1,2,1,0,4652,0,110,360,1,Rural,1
LP002443,0,1,2,0,0,3340,1710,150,360,0,Rural,0
LP002446,0,1,2,1,0,2309,1255,125,360,0,Rural,0
LP002448,0,1,0,0,0,3948,1733,149,360,0,Rural,0
LP002449,0,1,0,0,0,2483,2466,90,180,0,Rural,1
LP002453,0,0,0,0,1,7085,0,84,360,1,Semiurban,1
LP002455,0,1,2,0,0,3859,0,96,360,1,Semiurban,1
LP002459,0,1,0,0,0,4301,0,118,360,1,Urban,1
LP002467,0,1,0,0,0,3708,2569,173,360,1,Urban,0
LP002472,0,0,2,0,0,4354,0,136,360,1,Rural,1
LP002473,0,1,0,0,0,8334,0,160,360,1,Semiurban,0
LP002484,0,1,3+,0,0,7740,0,128,180,1,Urban,1
LP002487,0,1,0,0,0,3015,2188,153,360,1,Rural,1
LP002493,0,0,0,0,0,4166,0,98,360,0,Semiurban,0
LP002494,0,0,0,0,0,6000,0,140,360,1,Rural,1
LP002500,0,1,3+,1,0,2947,1664,70,180,0,Urban,0
LP002505,0,1,0,0,0,4333,2451,110,360,1,Urban,0
LP002515,0,1,1,0,1,3450,2079,162,360,1,Semiurban,1
LP002517,0,1,1,1,0,2653,1500,113,180,0,Rural,0
LP002519,0,1,3+,0,0,4691,0,100,360,1,Semiurban,1
LP002524,0,0,2,0,0,5532,4648,162,360,1,Rural,1
LP002527,0,1,2,0,1,16525,1014,150,360,1,Rural,1
LP002529,0,1,2,0,0,6700,1750,230,300,1,Semiurban,1
LP002531,0,1,1,0,1,16667,2250,86,360,1,Semiurban,1
LP002534,1,0,0,1,0,4350,0,154,360,1,Rural,1
LP002536,0,1,3+,1,0,3095,0,113,360,1,Rural,1
LP002537,0,1,0,0,0,2083,3150,128,360,1,Semiurban,1
LP002541,0,1,0,0,0,10833,0,234,360,1,Semiurban,1
LP002543,0,1,2,0,0,8333,0,246,360,1,Semiurban,1
LP002544,0,1,1,1,0,1958,2436,131,360,1,Rural,1
LP002545,0,0,2,0,0,3547,0,80,360,0,Rural,0
LP002547,0,1,1,0,0,18333,0,500,360,1,Urban,0
LP002555,0,1,2,0,1,4583,2083,160,360,1,Semiurban,1
LP002556,0,0,0,0,0,2435,0,75,360,1,Urban,0
LP002571,0,0,0,1,0,3691,0,110,360,1,Rural,1
LP002582,1,0,0,1,1,17263,0,225,360,1,Semiurban,1
LP002585,0,1,0,0,0,3597,2157,119,360,0,Rural,0
LP002586,1,1,1,0,0,3326,913,105,84,1,Semiurban,1
LP002587,0,1,0,1,0,2600,1700,107,360,1,Rural,1
LP002600,0,1,1,0,1,2895,0,95,360,1,Semiurban,1
LP002602,0,0,0,0,0,6283,4416,209,360,0,Rural,0
LP002603,1,0,0,0,0,645,3683,113,480,1,Rural,1
LP002606,1,0,0,0,0,3159,0,100,360,1,Semiurban,1
LP002615,0,1,2,0,0,4865,5624,208,360,1,Semiurban,1
LP002619,0,1,0,1,0,3814,1483,124,300,1,Semiurban,1
LP002622,0,1,2,0,0,3510,4416,243,360,1,Rural,1
LP002626,0,1,0,0,1,2479,3013,188,360,1,Urban,1
LP002634,1,0,1,0,0,13262,0,40,360,1,Urban,1
LP002637,0,0,0,1,0,3598,1287,100,360,1,Rural,0
LP002640,0,1,1,0,0,6065,2004,250,360,1,Semiurban,1
LP002643,0,1,2,0,0,3283,2035,148,360,1,Urban,1
LP002648,0,1,0,0,0,2130,6666,70,180,1,Semiurban,0
LP002652,0,0,0,0,0,5815,3666,311,360,1,Rural,0
LP002659,0,1,3+,0,0,3466,3428,150,360,1,Rural,1
LP002670,1,1,2,0,0,2031,1632,113,480,1,Semiurban,1
LP002683,0,0,0,0,0,4683,1915,185,360,1,Semiurban,0
LP002684,1,0,0,1,0,3400,0,95,360,1,Rural,0
LP002689,0,1,2,1,0,2192,1742,45,360,1,Semiurban,1
LP002690,0,0,0,0,0,2500,0,55,360,1,Semiurban,1
LP002692,0,1,3+,0,1,5677,1424,100,360,1,Rural,1
LP002693,0,1,2,0,1,7948,7166,480,360,1,Rural,1
LP002699,0,1,2,0,1,17500,0,400,360,1,Rural,1
LP002705,0,1,0,0,0,3775,0,110,360,1,Semiurban,1
LP002706,0,1,1,1,0,5285,1430,161,360,0,Semiurban,1
LP002714,0,0,1,1,0,2679,1302,94,360,1,Semiurban,1
LP002716,0,0,0,1,0,6783,0,130,360,1,Semiurban,1
LP002720,0,1,3+,0,0,4281,0,100,360,1,Urban,1
LP002723,0,0,2,0,0,3588,0,110,360,0,Rural,0
LP002731,1,0,0,1,1,18165,0,125,360,1,Urban,1
LP002734,0,1,0,0,0,6133,3906,324,360,1,Urban,1
LP002738,0,0,2,0,0,3617,0,107,360,1,Semiurban,1
LP002739,0,1,0,1,0,2917,536,66,360,1,Rural,0
LP002740,0,1,3+,0,0,6417,0,157,180,1,Rural,1
LP002741,1,1,1,0,0,4608,2845,140,180,1,Semiurban,1
LP002743,1,0,0,0,0,2138,0,99,360,0,Semiurban,0
LP002755,0,1,1,1,0,2239,2524,128,360,1,Urban,1
LP002767,0,1,0,0,0,2768,1950,155,360,1,Rural,1
LP002768,0,0,0,1,0,3358,0,80,36,1,Semiurban,0
LP002772,0,0,0,0,0,2526,1783,145,360,1,Rural,1
LP002776,1,0,0,0,0,5000,0,103,360,0,Semiurban,0
LP002777,0,1,0,0,0,2785,2016,110,360,1,Rural,1
LP002785,0,1,1,0,0,3333,3250,158,360,1,Urban,1
LP002788,0,1,0,1,0,2454,2333,181,360,0,Urban,0
LP002789,0,1,0,0,0,3593,4266,132,180,0,Rural,0
LP002792,0,1,1,0,0,5468,1032,26,360,1,Semiurban,1
LP002795,0,1,3+,0,1,10139,0,260,360,1,Semiurban,1
LP002798,0,1,0,0,0,3887,2669,162,360,1,Semiurban,1
LP002804,1,1,0,0,0,4180,2306,182,360,1,Semiurban,1
LP002807,0,1,2,1,0,3675,242,108,360,1,Semiurban,1
LP002813,1,1,1,0,1,19484,0,600,360,1,Semiurban,1
LP002820,0,1,0,0,0,5923,2054,211,360,1,Rural,1
LP002821,0,0,0,1,1,5800,0,132,360,1,Semiurban,1
LP002832,0,1,2,0,0,8799,0,258,360,0,Urban,0
LP002836,0,0,0,0,0,3333,0,70,360,1,Urban,1
LP002837,0,1,3+,0,0,3400,2500,123,360,0,Rural,0
LP002840,1,0,0,0,0,2378,0,9,360,1,Urban,0
LP002841,0,1,0,0,0,3166,2064,104,360,0,Urban,0
LP002842,0,1,1,0,0,3417,1750,186,360,1,Urban,1
LP002855,0,1,2,0,0,16666,0,275,360,1,Urban,1
LP002862,0,1,2,1,0,6125,1625,187,480,1,Semiurban,0
LP002863,0,1,3+,0,0,6406,0,150,360,1,Semiurban,0
LP002868,0,1,2,0,0,3159,461,108,84,1,Urban,1
LP002874,0,0,0,0,0,3229,2739,110,360,1,Urban,1
LP002877,0,1,1,0,0,1782,2232,107,360,1,Rural,1
LP002892,0,1,2,0,0,6540,0,205,360,1,Semiurban,1
LP002893,0,0,0,0,0,1836,33837,90,360,1,Urban,0
LP002894,1,1,0,0,0,3166,0,36,360,1,Semiurban,1
LP002911,0,1,1,0,0,2787,1917,146,360,0,Rural,0
LP002912,0,1,1,0,0,4283,3000,172,84,1,Rural,0
LP002916,0,1,0,0,0,2297,1522,104,360,1,Urban,1
LP002917,1,0,0,1,0,2165,0,70,360,1,Semiurban,1
LP002926,0,1,2,0,1,2726,0,106,360,0,Semiurban,0
LP002928,0,1,0,0,0,3000,3416,56,180,1,Semiurban,1
LP002931,0,1,2,0,1,6000,0,205,240,1,Semiurban,0
LP002936,0,1,0,0,0,3859,3300,142,180,1,Rural,1
LP002938,0,1,0,0,1,16120,0,260,360,1,Urban,1
LP002940,0,0,0,1,0,3833,0,110,360,1,Rural,1
LP002941,0,1,2,1,1,6383,1000,187,360,1,Rural,0
LP002945,0,1,0,0,1,9963,0,180,360,1,Rural,1
LP002948,0,1,2,0,0,5780,0,192,360,1,Urban,1
LP002953,0,1,3+,0,0,5703,0,128,360,1,Urban,1
LP002958,0,0,0,0,0,3676,4301,172,360,1,Rural,1
LP002959,1,1,1,0,0,12000,0,496,360,1,Semiurban,1
LP002961,0,1,1,0,0,3400,2500,173,360,1,Semiurban,1
LP002964,0,1,2,1,0,3987,1411,157,360,1,Rural,1
LP002974,0,1,0,0,0,3232,1950,108,360,1,Rural,1
LP002978,1,0,0,0,0,2900,0,71,360,1,Rural,1
LP002979,0,1,3+,0,0,4106,0,40,180,1,Rural,1
LP002983,0,1,1,0,0,8072,240,253,360,1,Urban,1
LP002984,0,1,2,0,0,7583,0,187,360,1,Urban,1
LP002990,1,0,0,0,1,4583,0,133,360,0,Semiurban,0
LP001015,0,1,0,0,0,5720,0,110,360,1,Urban,1
LP001022,0,1,1,0,0,3076,1500,126,360,1,Urban,1
LP001031,0,1,2,0,0,5000,1800,208,360,1,Urban,1
LP001051,0,0,0,1,0,3276,0,78,360,1,Urban,0
LP001054,0,1,0,1,1,2165,3422,152,360,1,Urban,1
LP001055,1,0,1,1,0,2226,0,59,360,1,Semiurban,1
LP001056,0,1,2,1,0,3881,0,147,360,0,Rural,0
LP001067,0,0,0,1,0,2400,2400,123,360,1,Semiurban,1
LP001078,0,0,0,1,0,3091,0,90,360,1,Urban,1
LP001096,1,0,0,0,0,4666,0,124,360,1,Semiurban,1
LP001099,0,0,1,0,0,5667,0,131,360,1,Urban,1
LP001105,0,1,2,0,0,4583,2916,200,360,1,Urban,1
LP001107,0,1,3+,0,0,3786,333,126,360,1,Semiurban,1
LP001108,0,1,0,0,0,9226,7916,300,360,1,Urban,1
LP001115,0,0,0,0,0,1300,3470,100,180,1,Semiurban,1
LP001121,0,1,1,1,0,1888,1620,48,360,1,Urban,1
LP001124,1,0,3+,1,0,2083,0,28,180,1,Urban,1
LP001135,1,0,0,1,0,3765,0,125,360,1,Urban,1
LP001149,0,1,0,0,0,5400,4380,290,360,1,Urban,1
LP001153,0,0,0,0,0,0,24000,148,360,0,Rural,0
LP001169,0,1,0,0,0,7500,3750,275,360,1,Urban,1
LP001176,0,0,0,0,0,2942,2382,125,180,1,Urban,1
LP001177,1,0,0,1,0,2478,0,75,360,1,Semiurban,1
LP001183,0,1,2,0,0,6250,820,192,360,1,Urban,1
LP001185,0,0,0,0,0,3268,1683,152,360,1,Semiurban,1
LP001187,0,1,0,0,0,2783,2708,158,360,1,Urban,1
LP001190,0,1,0,0,0,2740,1541,101,360,1,Urban,1
LP001203,0,0,0,0,0,3150,0,176,360,0,Semiurban,0
LP001210,0,1,0,0,1,2267,2792,90,360,1,Urban,1
LP001211,0,0,0,0,1,5833,0,116,360,1,Urban,1
LP001219,0,0,0,0,0,3643,1963,138,360,1,Urban,1
LP001220,0,1,0,0,0,5629,818,100,360,1,Urban,1
LP001221,1,0,0,0,0,3644,0,110,360,1,Urban,1
LP001226,0,1,0,1,0,1750,2024,90,360,1,Semiurban,1
LP001230,0,0,0,0,0,6500,2600,200,360,1,Semiurban,1
LP001231,1,0,0,0,0,3666,0,84,360,1,Urban,1
LP001242,0,0,0,1,0,2356,1902,108,360,1,Semiurban,1
LP001270,0,1,3+,1,1,8000,250,187,360,1,Semiurban,1
LP001284,0,1,1,0,0,2419,1707,124,360,1,Urban,1
LP001291,0,1,1,0,0,3500,3077,160,360,1,Semiurban,1
LP001298,0,1,2,0,0,4116,1000,30,180,1,Urban,1
LP001312,0,1,0,1,1,5293,0,92,360,1,Urban,1
LP001313,0,0,0,0,0,2750,0,130,360,0,Urban,0
LP001317,1,0,0,1,0,4402,0,130,360,1,Rural,1
LP001321,0,1,2,0,0,3613,3539,134,180,1,Semiurban,1
LP001323,1,1,2,0,0,2779,3664,176,360,0,Semiurban,0
LP001324,0,1,3+,0,0,4720,0,90,180,1,Semiurban,1
LP001332,0,1,0,1,0,2415,1721,110,360,1,Semiurban,1
LP001335,0,1,0,0,1,7016,292,125,360,1,Urban,1
LP001338,1,0,2,0,0,4968,0,189,360,1,Semiurban,1
LP001347,1,0,0,0,0,2101,1500,108,360,0,Rural,0
LP001348,0,1,3+,1,0,4490,0,125,360,1,Urban,1
LP001351,0,1,0,0,0,2917,3583,138,360,1,Semiurban,1
LP001352,0,1,0,1,0,4700,0,135,360,0,Semiurban,0
LP001358,0,1,0,0,0,3445,0,130,360,0,Semiurban,0
LP001359,0,1,0,0,0,7666,0,187,360,1,Semiurban,1
LP001361,0,1,0,0,0,2458,5105,188,360,0,Rural,0
LP001368,0,0,0,0,0,4463,0,65,360,1,Semiurban,1
LP001380,0,1,0,0,1,3900,2094,232,360,1,Rural,1
LP001386,0,1,0,1,0,4750,3583,144,360,1,Semiurban,1
LP001400,0,0,0,0,0,3583,3435,155,360,1,Urban,1
LP001407,0,1,0,0,0,3189,2367,186,360,1,Urban,1
LP001413,0,0,0,0,1,6356,0,50,360,1,Rural,1
LP001419,1,1,0,0,0,7950,0,185,360,1,Urban,1
LP001420,0,1,3+,0,0,3829,1103,163,360,0,Urban,0
LP001428,0,1,3+,0,0,72529,0,360,360,1,Urban,1
LP001445,0,1,2,1,0,4136,0,149,480,0,Rural,0
LP001446,0,1,0,0,0,8449,0,257,360,1,Rural,0
LP001450,0,1,0,0,0,4456,0,131,180,0,Semiurban,0
LP001452,0,1,2,0,0,4635,8000,102,180,1,Rural,1
LP001455,0,1,0,0,0,3571,1917,135,360,1,Urban,1
LP001466,0,0,0,0,0,3066,0,95,360,1,Semiurban,1
LP001471,0,0,2,1,0,3235,2015,77,360,1,Semiurban,1
LP001483,0,1,3+,0,0,13518,0,390,360,1,Rural,1
LP001486,0,1,1,0,0,4364,2500,185,360,1,Semiurban,1
LP001490,0,1,2,1,0,4766,1646,100,360,1,Semiurban,1
LP001496,0,1,1,0,0,4609,2333,123,360,0,Semiurban,0
LP001499,1,1,3+,0,0,6260,0,110,360,1,Semiurban,1
LP001500,0,1,1,0,0,3333,4200,256,360,1,Urban,1
LP001501,0,1,0,0,0,3500,3250,140,360,1,Semiurban,1
LP001517,0,1,3+,0,0,9719,0,61,360,1,Urban,1
LP001534,0,0,0,0,0,4452,0,131,360,1,Rural,1
LP001547,0,1,1,0,0,3901,0,116,360,1,Urban,1
LP001548,0,1,2,1,0,2687,0,50,180,1,Rural,1
LP001561,1,1,0,0,0,3417,1287,200,360,1,Semiurban,1
LP001567,0,1,3+,0,0,4513,0,120,360,1,Rural,1
LP001568,0,1,0,0,0,4500,0,140,360,1,Semiurban,1
LP001573,0,1,0,1,0,4523,1350,165,360,1,Urban,1
LP001584,1,0,0,0,1,4742,0,108,360,1,Semiurban,1
LP001589,1,0,0,0,0,3417,0,102,360,1,Urban,1
LP001591,1,1,2,0,0,2922,3396,122,360,1,Semiurban,1
LP001599,0,1,0,0,0,4167,4754,160,360,1,Rural,1
LP001607,1,0,0,1,0,0,1760,180,360,1,Semiurban,0
LP001613,1,0,0,0,0,1762,2666,104,360,0,Urban,0
LP001622,0,1,2,0,0,724,3510,213,360,0,Rural,0
LP001627,0,0,0,0,0,3125,0,65,360,1,Urban,1
LP001650,0,1,0,0,0,2333,3803,146,360,1,Rural,1
LP001651,0,1,3+,0,0,3350,1560,135,360,1,Urban,1
LP001652,0,0,0,0,0,2500,6414,187,360,0,Rural,0
LP001655,1,0,0,0,0,12500,0,300,360,0,Urban,0
LP001660,0,0,0,0,0,4667,0,120,360,1,Semiurban,1
LP001662,0,0,0,0,0,6500,0,71,360,0,Urban,0
LP001663,0,1,2,0,0,7500,0,225,360,1,Urban,1
LP001667,0,0,0,0,0,3073,0,70,180,1,Urban,1
LP001703,0,1,0,0,0,3333,1270,124,360,1,Urban,1
LP001718,0,0,0,0,0,3391,0,132,360,1,Rural,0
LP001728,0,1,1,0,1,3343,1517,105,360,1,Rural,1
LP001735,1,0,1,0,0,3620,0,90,360,1,Urban,1
LP001737,0,0,0,0,0,4000,0,83,84,1,Urban,1
LP001739,0,1,0,0,0,4258,0,125,360,1,Urban,1
LP001742,0,1,2,0,0,4500,0,147,360,1,Rural,1
LP001757,0,1,1,0,0,2014,2925,120,360,1,Rural,1
LP001785,0,0,0,0,0,4727,0,150,360,0,Rural,0
LP001787,0,1,3+,0,0,3089,2999,100,240,1,Rural,1
LP001794,0,1,2,0,1,10890,0,260,12,1,Rural,1
LP001797,1,0,0,0,0,12941,0,150,300,1,Urban,1
LP001815,0,0,0,1,0,3276,0,90,360,1,Semiurban,1
LP001817,0,0,0,1,1,8703,0,199,360,0,Rural,0
LP001818,0,1,1,0,0,4742,717,139,360,1,Semiurban,1
LP001822,0,0,0,0,0,5900,0,150,360,1,Urban,1
LP001827,0,0,0,0,0,3071,4309,180,360,1,Urban,1
LP001831,0,1,0,0,0,2783,1456,113,360,1,Urban,1
LP001842,0,0,0,0,0,5000,0,148,360,1,Rural,1
LP001853,0,1,1,1,0,2463,2360,117,360,0,Urban,0
LP001855,0,1,2,0,0,4855,0,72,360,1,Rural,1
LP001857,0,0,0,1,1,1599,2474,125,300,1,Semiurban,1
LP001862,0,1,2,0,1,4246,4246,214,360,1,Urban,1
LP001867,0,1,0,0,0,4333,2291,133,350,1,Rural,0
LP001878,0,0,1,0,0,5823,2529,187,360,1,Semiurban,1
LP001881,0,1,0,1,0,7895,0,143,360,1,Rural,0
LP001886,0,0,0,0,0,4150,4256,209,360,1,Rural,1
LP001909,0,0,0,0,0,5583,0,116,360,1,Urban,1
LP001911,1,0,0,0,0,2708,0,65,360,1,Rural,1
LP001923,0,0,0,1,0,2268,0,170,360,0,Semiurban,0
LP001933,0,0,2,1,0,1141,2017,120,360,0,Urban,0
LP001943,0,1,0,0,0,3042,3167,135,360,1,Urban,1
LP001959,1,1,1,0,0,3564,0,79,360,1,Rural,0
LP001961,1,0,0,0,0,3958,0,110,360,1,Rural,1
LP001973,0,1,2,1,0,4483,0,130,360,1,Rural,1
LP001975,0,1,0,0,0,5225,0,143,360,1,Rural,0
LP001979,0,0,0,0,0,3017,2845,159,180,0,Urban,0
LP001995,0,1,0,1,0,2431,1820,110,360,0,Rural,0
LP002007,0,1,2,1,0,2500,3333,131,360,1,Urban,1
LP002016,0,1,2,0,0,5128,0,143,360,1,Rural,1
LP002018,0,1,2,0,0,3958,2632,160,360,1,Semiurban,1
LP002027,0,1,0,0,0,4334,2945,165,360,1,Semiurban,1
LP002028,0,1,2,0,0,4358,0,110,360,1,Urban,1
LP002042,1,1,1,0,0,4000,3917,173,360,1,Rural,1
LP002047,0,1,2,1,0,4521,1184,150,360,1,Semiurban,1
LP002056,0,1,2,0,0,9167,0,235,360,1,Semiurban,1
LP002059,0,1,2,0,0,7874,3967,336,360,1,Rural,1
LP002062,1,1,1,0,0,4333,0,132,84,1,Rural,1
LP002064,0,0,0,0,0,4083,0,96,360,1,Urban,1
LP002070,0,1,3+,1,0,2654,1998,128,360,0,Rural,0
LP002077,0,1,1,0,0,10000,2690,412,360,1,Semiurban,0
LP002083,0,0,0,0,1,5833,0,116,360,1,Urban,1
LP002090,0,1,1,0,0,4796,0,114,360,0,Semiurban,0
LP002096,0,1,0,1,0,2000,1600,115,360,1,Rural,1
LP002099,0,1,2,0,0,2540,700,104,360,0,Urban,0
LP002102,0,1,0,0,1,1900,1442,88,360,1,Rural,1
LP002105,0,1,0,0,1,8706,0,108,480,1,Rural,1
LP002107,0,1,3+,1,0,2855,542,90,360,1,Urban,1
LP002117,1,1,0,0,0,3159,2374,108,360,1,Semiurban,1
LP002118,1,0,0,0,0,1937,1152,78,360,1,Semiurban,1
LP002123,0,1,0,0,0,2613,2417,123,360,1,Semiurban,1
LP002125,0,1,1,0,0,4960,2600,187,360,1,Semiurban,1
LP002148,0,1,1,0,0,3074,1083,146,360,1,Semiurban,1
LP002152,1,0,0,0,0,4213,0,80,360,1,Urban,0
LP002167,1,0,0,0,0,2362,0,55,360,1,Urban,1
LP002168,0,0,0,0,0,5333,2400,200,360,0,Rural,0
LP002172,0,1,3+,0,1,5384,0,150,360,1,Semiurban,1
LP002176,0,0,0,0,0,5708,0,150,360,1,Rural,1
LP002184,0,1,0,1,0,2914,2130,150,300,1,Urban,1
LP002186,0,1,0,1,0,2747,2458,118,36,1,Semiurban,1
LP002192,0,1,0,0,0,7830,2183,212,360,1,Rural,1
LP002195,0,1,1,0,1,3507,3148,212,360,1,Rural,1
LP002208,0,1,1,0,0,3747,2139,125,360,1,Urban,1
LP002240,0,1,0,1,0,3500,2168,149,360,1,Rural,1
LP002245,0,1,2,1,0,2896,0,80,480,1,Urban,1
LP002253,1,0,1,0,0,5062,0,152,300,1,Rural,1
LP002256,1,0,2,0,1,5184,0,187,360,0,Semiurban,0
LP002257,1,0,0,0,0,2545,0,74,360,1,Urban,1
LP002264,0,1,0,0,0,2553,1768,102,360,1,Urban,1
LP002270,0,1,1,0,0,3436,3809,100,360,1,Rural,1
LP002279,0,0,0,0,0,2412,2755,130,360,1,Rural,1
LP002286,0,1,3+,1,0,5180,0,125,360,0,Urban,0
LP002294,0,0,0,0,0,14911,14507,130,360,1,Semiurban,1
LP002306,0,1,0,0,0,1173,1594,28,180,1,Rural,1
LP002310,1,0,1,0,0,7600,0,92,360,1,Semiurban,1
LP002311,1,1,0,0,0,2157,1788,104,360,1,Urban,1
LP002316,0,0,0,0,0,2231,2774,176,360,0,Urban,0
LP002321,1,0,0,0,0,2274,5211,117,360,0,Semiurban,0
LP002325,0,1,2,1,0,6166,13983,102,360,1,Rural,1
LP002326,0,1,2,1,0,2513,1110,107,360,1,Semiurban,1
LP002329,0,0,0,0,0,4333,0,66,480,1,Urban,0
LP002333,0,0,0,1,0,3844,0,105,360,1,Urban,1
LP002339,0,1,0,0,0,3887,1517,105,360,0,Semiurban,0
LP002344,0,1,0,0,0,3510,828,105,360,1,Semiurban,1
LP002354,1,0,0,1,0,2107,0,64,360,1,Semiurban,1
LP002358,0,1,2,0,1,5000,2166,150,360,1,Urban,1
LP002375,0,1,0,1,1,3943,0,64,360,1,Semiurban,1
LP002376,0,0,0,0,0,2925,0,40,180,1,Rural,1
LP002383,0,1,3+,0,0,3242,437,142,480,0,Urban,0
LP002389,1,0,1,0,0,4028,0,131,360,1,Semiurban,1
LP002394,0,1,2,0,0,4010,1025,120,360,1,Urban,1
LP002397,1,1,1,0,0,3719,1585,114,360,1,Urban,1
LP002400,1,1,0,0,0,3833,0,92,360,1,Rural,1
LP002402,0,1,0,0,0,3333,4288,160,360,1,Urban,1
LP002412,0,1,0,0,0,3007,3725,151,360,1,Rural,1
LP002417,0,1,3+,1,0,2792,2619,171,360,1,Semiurban,1
LP002420,0,1,0,0,0,2982,1550,110,360,1,Semiurban,1
LP002433,0,1,1,0,0,18840,0,234,360,1,Rural,1
LP002440,0,1,2,0,0,2995,1120,184,360,1,Rural,1
LP002442,1,1,1,1,0,3835,1400,112,480,0,Urban,0
LP002445,1,0,1,1,0,3854,3575,117,360,1,Rural,1
LP002450,0,1,2,0,0,5833,750,49,360,0,Rural,0
LP002471,0,0,0,0,0,3508,0,99,360,1,Rural,0
LP002476,1,1,3+,1,0,1635,2444,99,360,1,Urban,1
LP002482,1,0,0,0,1,3333,3916,212,360,1,Rural,1
LP002485,0,0,1,0,0,24797,0,240,360,1,Semiurban,1
LP002495,0,1,2,0,0,5667,440,130,360,0,Semiurban,0
LP002496,1,0,0,0,0,3500,0,94,360,0,Semiurban,0
LP002523,0,1,3+,0,0,2773,1497,108,360,1,Semiurban,1
LP002550,1,0,0,0,0,5769,0,110,180,1,Semiurban,1
LP002554,0,0,0,0,0,2166,2057,122,360,1,Semiurban,1
LP002561,0,1,0,0,0,5000,0,126,360,1,Rural,1
LP002568,0,0,0,1,0,9000,0,122,360,1,Rural,1
LP002570,1,1,2,0,0,10000,11666,460,360,1,Urban,1
LP002592,0,0,0,0,0,4983,0,141,360,1,Urban,1
LP002599,0,1,0,0,0,3667,2000,170,360,1,Semiurban,1
LP002604,0,1,2,0,0,3166,2833,145,360,1,Urban,1
LP002605,0,0,0,1,0,3271,0,90,360,1,Rural,0
LP002609,1,1,0,0,0,2241,2000,88,360,0,Urban,0
LP002612,1,1,0,0,0,2666,0,84,480,1,Semiurban,1
LP002635,1,1,2,1,0,3729,0,117,360,1,Semiurban,1
LP002639,0,1,2,0,0,4120,0,128,360,1,Rural,1
LP002644,0,1,1,0,1,7500,0,75,360,1,Urban,1
LP002711,0,1,0,0,0,2600,700,96,360,1,Semiurban,1
LP002721,0,1,2,0,1,7500,0,183,360,1,Rural,1
LP002735,0,1,2,1,0,3859,0,121,360,1,Rural,1
LP002744,0,1,1,0,0,6825,0,162,360,1,Rural,1
LP002745,0,1,0,0,0,3708,4700,132,360,1,Semiurban,1
LP002746,0,0,0,0,0,5314,0,147,360,1,Urban,1
LP002747,1,0,3+,0,0,2366,5272,153,360,0,Rural,0
LP002759,0,1,2,0,0,5000,0,149,360,1,Rural,1
LP002760,1,0,0,0,0,3767,0,134,300,1,Urban,1
LP002766,1,1,0,0,0,7859,879,165,180,1,Semiurban,1
LP002769,1,1,0,0,0,4283,0,120,360,1,Rural,1
LP002774,0,1,0,1,0,1700,2900,67,360,0,Urban,0
LP002781,0,0,0,0,0,3083,2738,120,360,1,Urban,1
LP002782,0,1,1,0,0,2667,1542,148,360,1,Rural,1
LP002786,1,1,0,1,0,1647,1762,181,360,1,Urban,1
LP002790,0,1,3+,0,0,3400,0,80,120,1,Urban,1
LP002793,0,1,0,0,0,5333,0,90,360,1,Rural,1
LP002802,0,0,0,0,0,2875,2416,95,6,0,Semiurban,0
LP002805,0,1,2,0,0,5041,700,150,360,1,Urban,1
LP002806,0,1,3+,0,1,6958,1411,150,360,1,Rural,1
LP002823,0,1,0,0,0,5509,0,143,360,1,Rural,1
LP002825,0,1,3+,0,0,9699,0,300,360,1,Urban,1
LP002826,1,1,1,1,0,3621,2717,171,360,1,Urban,1
LP002843,1,1,0,0,0,4709,0,113,360,1,Semiurban,1
LP002849,0,1,0,0,0,1516,1951,35,360,1,Semiurban,1
LP002850,0,0,2,0,0,2400,0,46,360,1,Urban,1
LP002856,0,1,0,0,0,2292,1558,119,360,1,Urban,1
LP002857,0,1,1,0,1,2360,3355,87,240,1,Rural,1
LP002858,1,0,0,0,0,4333,2333,162,360,0,Rural,0
LP002860,0,1,0,0,1,2623,4831,122,180,1,Semiurban,1
LP002867,0,0,0,0,1,3972,4275,187,360,1,Rural,1
LP002869,0,1,3+,1,0,3522,0,81,180,1,Rural,0
LP002870,0,1,1,0,0,4700,0,80,360,1,Urban,1
LP002876,0,0,0,0,0,6858,0,176,360,1,Rural,1
LP002878,0,1,3+,0,0,8334,0,260,360,1,Urban,1
LP002879,0,1,0,0,0,3391,1966,133,360,0,Rural,0
LP002885,0,0,0,1,0,2868,0,70,360,1,Urban,1
LP002890,0,1,2,1,0,3418,1380,135,360,1,Urban,1
LP002891,0,1,0,0,1,2500,296,137,300,1,Rural,1
LP002899,0,1,2,0,0,8667,0,254,360,1,Rural,1
LP002907,0,1,0,0,0,5817,910,109,360,1,Urban,1
LP002920,0,1,0,0,0,5119,3769,120,360,1,Rural,1
LP002921,0,1,3+,1,0,5316,187,158,180,0,Semiurban,1
LP002932,0,1,3+,0,0,7603,1213,197,360,1,Urban,1
LP002935,0,1,1,0,0,3791,1936,85,360,1,Urban,1
LP002952,0,0,0,0,0,2500,0,60,360,1,Urban,1
LP002962,0,0,0,0,0,4000,2667,152,360,1,Semiurban,1
LP002969,0,1,1,0,0,2269,2167,99,360,1,Semiurban,1
LP002971,0,1,3+,1,1,4009,1777,113,360,1,Urban,1
LP002975,0,1,0,0,0,4158,709,115,360,1,Urban,1
LP002986,0,1,0,0,0,5000,2393,158,360,1,Rural,0
LP002989,0,0,0,0,1,9200,0,98,180,1,Rural,1
